<?xml version="1.0" encoding="utf-8"?>
<items version="2" >

    <item
        jar="/home/vagner/Área de Trabalho/andrid/unoCidadelimpa/app/build/intermediates/exploded-aar/com.android.support/support-v4/23.0.0/jars/libs/internal_impl-23.0.0.jar"
        jumboMode="false"
        revision="23.0.3"
        sha1="8bd336eeae661e8311330284897ee07f8ebaa297">
        <dex dex="/home/vagner/Área de Trabalho/andrid/unoCidadelimpa/app/build/intermediates/pre-dexed/release/internal_impl-23.0.0_f350da379b0df9c2bba385f33efe099a43c736e5.jar" />
    </item>
    <item
        jar="/home/vagner/Área de Trabalho/andrid/unoCidadelimpa/app/build/intermediates/exploded-aar/com.android.support/appcompat-v7/22.2.1/jars/classes.jar"
        jumboMode="false"
        revision="23.0.3"
        sha1="4486e953d1f35f8ccab098b1dd67146366d5f731">
        <dex dex="/home/vagner/Área de Trabalho/andrid/unoCidadelimpa/app/build/intermediates/pre-dexed/release/com.android.support-appcompat-v7-22.2.1_244af84a7a73f02298003c588f4b735c1faa63c9.jar" />
    </item>
    <item
        jar="/home/vagner/Área de Trabalho/andrid/unoCidadelimpa/app/build/intermediates/exploded-aar/com.google.android.gms/play-services-tasks/9.0.2/jars/classes.jar"
        jumboMode="false"
        revision="23.0.3"
        sha1="aec1bc54964a85d851c2c1b1cb7f90f7dbd755ab">
        <dex dex="/home/vagner/Área de Trabalho/andrid/unoCidadelimpa/app/build/intermediates/pre-dexed/release/com.google.android.gms-play-services-tasks-9.0.2_750efe737512ccae1f5c772cb5ad0adc2d4a7fc2.jar" />
    </item>
    <item
        jar="/home/vagner/Área de Trabalho/andrid/unoCidadelimpa/app/build/intermediates/exploded-aar/com.android.support/support-v4/23.0.0/jars/classes.jar"
        jumboMode="false"
        revision="23.0.3"
        sha1="8413c27b45b7fe61dca4a98159f65e2cee215f5a">
        <dex dex="/home/vagner/Área de Trabalho/andrid/unoCidadelimpa/app/build/intermediates/pre-dexed/release/com.android.support-support-v4-23.0.0_8adc899ea2770f989e4800ca6844950ea27ae216.jar" />
    </item>
    <item
        jar="/home/vagner/Área de Trabalho/andrid/unoCidadelimpa/app/build/intermediates/exploded-aar/com.google.android.gms/play-services-basement/9.0.2/jars/classes.jar"
        jumboMode="false"
        revision="23.0.3"
        sha1="4022261eeea0d92eb2997a68d2c1f084a16abad9">
        <dex dex="/home/vagner/Área de Trabalho/andrid/unoCidadelimpa/app/build/intermediates/pre-dexed/release/com.google.android.gms-play-services-basement-9.0.2_08be71850401534a5d02b7116aef92456c417147.jar" />
    </item>
    <item
        jar="/home/vagner/Área de Trabalho/andrid/unoCidadelimpa/app/build/intermediates/exploded-aar/com.google.firebase/firebase-common/9.0.2/jars/classes.jar"
        jumboMode="false"
        revision="23.0.3"
        sha1="9919563cffd8e3732e944d3c437d4b9575a08448">
        <dex dex="/home/vagner/Área de Trabalho/andrid/unoCidadelimpa/app/build/intermediates/pre-dexed/release/com.google.firebase-firebase-common-9.0.2_34ba6165b82e6b67a96e7e0a2cdc62adcb3b5518.jar" />
    </item>
    <item
        jar="/home/vagner/Área de Trabalho/andrid/unoCidadelimpa/app/build/intermediates/exploded-aar/com.google.android.gms/play-services-base/9.0.2/jars/classes.jar"
        jumboMode="false"
        revision="23.0.3"
        sha1="94d9cedd04b124aed044ac71c451a292856d854c">
        <dex dex="/home/vagner/Área de Trabalho/andrid/unoCidadelimpa/app/build/intermediates/pre-dexed/release/com.google.android.gms-play-services-base-9.0.2_e59592f14b607c1c112096521bc3258c2477a4ae.jar" />
    </item>
    <item
        jar="/home/vagner/Área de Trabalho/andrid/unoCidadelimpa/app/libs/gson-2.2.4.jar"
        jumboMode="false"
        revision="23.0.3"
        sha1="973e832af433b44c3ed11c426f2f390b29f3f3f8">
        <dex dex="/home/vagner/Área de Trabalho/andrid/unoCidadelimpa/app/build/intermediates/pre-dexed/release/gson-2.2.4_82b04aa57e9ccf0f90da015c15bd825f43f86a86.jar" />
    </item>
    <item
        jar="/home/vagner/Android/Sdk/extras/android/m2repository/com/android/support/support-annotations/23.0.0/support-annotations-23.0.0.jar"
        jumboMode="false"
        revision="23.0.3"
        sha1="990e7f98a7bad86a40b1f0bcfeb039023afd0839">
        <dex dex="/home/vagner/Área de Trabalho/andrid/unoCidadelimpa/app/build/intermediates/pre-dexed/release/support-annotations-23.0.0_e79faa46f2a06e1c8c9537cf6fb813ff1834eb49.jar" />
    </item>
    <item
        jar="/home/vagner/Área de Trabalho/andrid/unoCidadelimpa/app/build/intermediates/exploded-aar/com.google.android.gms/play-services-maps/9.0.2/jars/classes.jar"
        jumboMode="false"
        revision="23.0.3"
        sha1="20e1a0f0de6276a5f36062b655f8b20f8cc00cc4">
        <dex dex="/home/vagner/Área de Trabalho/andrid/unoCidadelimpa/app/build/intermediates/pre-dexed/release/com.google.android.gms-play-services-maps-9.0.2_4977ee81cf5294ee2aafc5faecff618fe3badc14.jar" />
    </item>
    <item
        jar="/home/vagner/Área de Trabalho/andrid/unoCidadelimpa/app/build/intermediates/exploded-aar/com.android.support/design/22.2.1/jars/classes.jar"
        jumboMode="false"
        revision="23.0.3"
        sha1="1821601ddbec5ff125653097812823388700af74">
        <dex dex="/home/vagner/Área de Trabalho/andrid/unoCidadelimpa/app/build/intermediates/pre-dexed/release/com.android.support-design-22.2.1_716772fd826aecb44734578e4a007fcb9fafe814.jar" />
    </item>
    <item
        jar="/home/vagner/Área de Trabalho/andrid/unoCidadelimpa/app/build/intermediates/exploded-aar/com.android.support/cardview-v7/22.2.1/jars/classes.jar"
        jumboMode="false"
        revision="23.0.3"
        sha1="e1fa5e1123997a55e3ed65b44892993ff4b58cfe">
        <dex dex="/home/vagner/Área de Trabalho/andrid/unoCidadelimpa/app/build/intermediates/pre-dexed/release/com.android.support-cardview-v7-22.2.1_0d869e708e8fbc7e03cf301dd83f4fb33dae8b2c.jar" />
    </item>

</items>
